,residue_name,element_symbol,Count
0,HOH,O,304264
1,ZN,ZN,2113
2,MG,MG,1072
3,MSE,C,1055
4,LLP,C,966
5,MN,MN,582
6,KCX,C,560
7,CA,CA,437
8,LLP,O,414
9,KCX,O,240
10,MSE,H,213
11,MSE,O,211
12,MSE,N,211
13,MSE,SE,211
14,LLP,N,207
15,LLP,H,207
16,NA,NA,177
17,KCX,N,160
18,KCX,H,160
19,TPO,O,130
20,CO,CO,119
21,MLY,C,112
22,TPO,C,104
23,FE,FE,91
24,NI,NI,88
25,K,K,79
26,CSO,C,72
27,LLP,P,69
28,SEP,O,60
29,CSD,C,57
30,CSD,O,57
31,CSO,H,44
32,CSO,O,44
33,SEP,C,36
34,CD,CD,32
35,MLY,H,28
36,MLY,N,28
37,TPO,H,26
38,FE2,FE,26
39,TPO,P,26
40,TPO,N,26
41,CSO,S,24
42,CSO,N,24
43,CU,CU,21
44,CSD,N,19
45,CSD,S,19
46,PTR,C,18
47,MLY,O,14
48,CAF,CA,13
49,CAS,CA,13
50,CSD,H,13
51,SEP,P,12
52,SEP,N,12
53,SEP,H,12
54,PTR,O,10
55,HG,HG,8
56,PCA,C,5
57,DAL,O,4
58,PTR,P,2
59,PTR,N,2
60,PTR,H,2
61,PCA,O,2
62,RB,RB,1
63,GA,GA,1
64,PCA,N,1
65,SO4,O,1
66,SR,SR,1
67,CS,CS,1
68,IAS,O,1
69,CU1,CU,1
